prior,rms
0.001,1.9485423678641396
0.1,0.37331265917079
0.5,1.9018073400891293
10,1.9015735322254872
