prior,rms
0.001,0.015335900014672053
0.1,0.012128313063658622
0.5,0.015600998464712839
10,0.015600732098810355
