prior,rms
0.001,1683.322350879451
0.1,1304.4613622814657
0.5,1709.3686483727065
10,1713.2335887854047
